id,category,text,sentiment
1,App Review,Love this app! Super easy to use and payment process. Used it 5 times.,Positive
2,App Review,Perfect! UI design works flawlessly,Positive
3,App Review,Love this app! Super easy to use and UI design. Used it 17 times.,Positive
4,App Review,Perfect! customer support works flawlessly,Positive
5,App Review,Best app ever! The data backup feature is amazing Perfect! payment process works flawlessly,Positive
6,App Review,Best app ever! The search function feature is amazing,Positive
7,App Review,Best app ever! The notifications feature is amazing. Used it 13 times.,Positive
8,App Review,5 stars! This app changed my life with its notifications,Positive
9,App Review,Fantastic app. The UI is beautiful and UI design,Positive
10,App Review,Love this app! Super easy to use and payment process Perfect! notifications works flawlessly,Positive
11,App Review,Love this app! Super easy to use and customer support,Positive
12,App Review,Best app ever! The UI design feature is amazing,Positive
13,App Review,5 stars! This app changed my life with its speed performance 5 stars! This app changed my life with its notifications. Used it 9 times.,Positive
14,App Review,Perfect! speed performance works flawlessly,Positive
15,App Review,Best app ever! The data backup feature is amazing,Positive
16,App Review,5 stars! This app changed my life with its login system. Used it 2 times.,Positive
17,App Review,Fantastic app. The UI is beautiful and payment process Love this app! Super easy to use and customer support,Positive
18,App Review,Best app ever! The data backup feature is amazing Fantastic app. The UI is beautiful and data backup. Used it 5 times.,Positive
19,App Review,Perfect! payment process works flawlessly,Positive
20,App Review,Perfect! search function works flawlessly 5 stars! This app changed my life with its customer support,Positive
21,App Review,Perfect! data backup works flawlessly. Used it 2 times.,Positive
22,App Review,Best app ever! The speed performance feature is amazing,Positive
23,App Review,Perfect! UI design works flawlessly Fantastic app. The UI is beautiful and search function,Positive
24,App Review,Perfect! payment process works flawlessly Perfect! login system works flawlessly,Positive
25,App Review,Perfect! payment process works flawlessly,Positive
26,App Review,Love this app! Super easy to use and payment process Fantastic app. The UI is beautiful and speed performance,Positive
27,App Review,Perfect! speed performance works flawlessly Perfect! UI design works flawlessly,Positive
28,App Review,Perfect! customer support works flawlessly Best app ever! The notifications feature is amazing,Positive
29,App Review,Perfect! notifications works flawlessly,Positive
30,App Review,5 stars! This app changed my life with its payment process. Used it 8 times.,Positive
31,App Review,Love this app! Super easy to use and data backup,Positive
32,App Review,Best app ever! The data backup feature is amazing,Positive
33,App Review,5 stars! This app changed my life with its search function,Positive
34,App Review,5 stars! This app changed my life with its search function,Positive
35,App Review,Fantastic app. The UI is beautiful and data backup Love this app! Super easy to use and customer support. Used it 11 times.,Positive
36,App Review,Perfect! customer support works flawlessly,Positive
37,App Review,Love this app! Super easy to use and login system. Used it 29 times.,Positive
38,App Review,5 stars! This app changed my life with its UI design,Positive
39,App Review,Fantastic app. The UI is beautiful and customer support Perfect! speed performance works flawlessly,Positive
40,App Review,Best app ever! The data backup feature is amazing Fantastic app. The UI is beautiful and customer support. Used it 22 times.,Positive
41,App Review,5 stars! This app changed my life with its search function Fantastic app. The UI is beautiful and data backup,Positive
42,App Review,Love this app! Super easy to use and login system,Positive
43,App Review,Love this app! Super easy to use and customer support Best app ever! The customer support feature is amazing,Positive
44,App Review,Fantastic app. The UI is beautiful and speed performance. Used it 8 times.,Positive
45,App Review,Fantastic app. The UI is beautiful and UI design. Used it 18 times.,Positive
46,App Review,Love this app! Super easy to use and customer support. Used it 16 times.,Positive
47,App Review,Best app ever! The search function feature is amazing Love this app! Super easy to use and speed performance,Positive
48,App Review,5 stars! This app changed my life with its data backup 5 stars! This app changed my life with its search function,Positive
49,App Review,Best app ever! The customer support feature is amazing 5 stars! This app changed my life with its customer support,Positive
50,App Review,5 stars! This app changed my life with its login system. Used it 16 times.,Positive
51,App Review,Love this app! Super easy to use and UI design,Positive
52,App Review,Perfect! UI design works flawlessly,Positive
53,App Review,Fantastic app. The UI is beautiful and UI design,Positive
54,App Review,Perfect! login system works flawlessly,Positive
55,App Review,Perfect! notifications works flawlessly 5 stars! This app changed my life with its customer support,Positive
56,App Review,Best app ever! The payment process feature is amazing Fantastic app. The UI is beautiful and speed performance,Positive
57,App Review,Fantastic app. The UI is beautiful and notifications Love this app! Super easy to use and login system,Positive
58,App Review,Love this app! Super easy to use and customer support,Positive
59,App Review,5 stars! This app changed my life with its UI design,Positive
60,App Review,5 stars! This app changed my life with its speed performance Fantastic app. The UI is beautiful and payment process,Positive
61,App Review,Perfect! payment process works flawlessly,Positive
62,App Review,Best app ever! The payment process feature is amazing. Used it 4 times.,Positive
63,App Review,5 stars! This app changed my life with its payment process,Positive
64,App Review,Best app ever! The payment process feature is amazing Perfect! data backup works flawlessly. Used it 30 times.,Positive
65,App Review,Love this app! Super easy to use and search function,Positive
66,App Review,Love this app! Super easy to use and notifications,Positive
67,App Review,Best app ever! The data backup feature is amazing Perfect! search function works flawlessly,Positive
68,App Review,Love this app! Super easy to use and speed performance,Positive
69,App Review,Perfect! speed performance works flawlessly Fantastic app. The UI is beautiful and speed performance. Used it 12 times.,Positive
70,App Review,5 stars! This app changed my life with its customer support,Positive
71,App Review,5 stars! This app changed my life with its search function,Positive
72,App Review,Best app ever! The speed performance feature is amazing,Positive
73,App Review,Fantastic app. The UI is beautiful and login system. Used it 30 times.,Positive
74,App Review,Fantastic app. The UI is beautiful and customer support 5 stars! This app changed my life with its speed performance,Positive
75,App Review,Fantastic app. The UI is beautiful and login system,Positive
76,App Review,Best app ever! The data backup feature is amazing,Positive
77,App Review,Best app ever! The login system feature is amazing,Positive
78,App Review,5 stars! This app changed my life with its payment process Love this app! Super easy to use and payment process,Positive
79,App Review,Perfect! notifications works flawlessly Love this app! Super easy to use and UI design,Positive
80,App Review,Best app ever! The payment process feature is amazing Love this app! Super easy to use and UI design,Positive
81,App Review,5 stars! This app changed my life with its search function Perfect! UI design works flawlessly,Positive
82,App Review,5 stars! This app changed my life with its login system,Positive
83,App Review,Perfect! customer support works flawlessly,Positive
84,App Review,5 stars! This app changed my life with its notifications,Positive
85,App Review,5 stars! This app changed my life with its payment process,Positive
86,App Review,Fantastic app. The UI is beautiful and payment process Perfect! speed performance works flawlessly. Used it 22 times.,Positive
87,App Review,Best app ever! The payment process feature is amazing Fantastic app. The UI is beautiful and login system,Positive
88,App Review,Fantastic app. The UI is beautiful and notifications,Positive
89,App Review,Best app ever! The data backup feature is amazing Best app ever! The UI design feature is amazing. Used it 22 times.,Positive
90,App Review,Love this app! Super easy to use and customer support 5 stars! This app changed my life with its customer support,Positive
91,App Review,Love this app! Super easy to use and login system. Used it 16 times.,Positive
92,App Review,Fantastic app. The UI is beautiful and search function,Positive
93,App Review,Fantastic app. The UI is beautiful and data backup,Positive
94,App Review,Love this app! Super easy to use and UI design,Positive
95,App Review,Best app ever! The data backup feature is amazing. Used it 8 times.,Positive
96,App Review,Fantastic app. The UI is beautiful and speed performance,Positive
97,App Review,Fantastic app. The UI is beautiful and search function Perfect! data backup works flawlessly,Positive
98,App Review,Fantastic app. The UI is beautiful and payment process Best app ever! The payment process feature is amazing,Positive
99,App Review,Best app ever! The payment process feature is amazing Fantastic app. The UI is beautiful and UI design,Positive
100,App Review,5 stars! This app changed my life with its notifications,Positive
101,App Review,Worst app ever! Crashes constantly during speed performance. Used it 23 times.,Negative
102,App Review,Worst app ever! Crashes constantly during UI design,Negative
103,App Review,Don't waste your time. data backup is unusable Horrible experience. The app is slow and login system. Used it 14 times.,Negative
104,App Review,Don't waste your time. login system is unusable Don't waste your time. search function is unusable,Negative
105,App Review,1 star. search function doesn't work at all Horrible experience. The app is slow and customer support,Negative
106,App Review,Horrible experience. The app is slow and data backup Terrible app. search function is completely broken,Negative
107,App Review,Worst app ever! Crashes constantly during data backup Worst app ever! Crashes constantly during login system,Negative
108,App Review,Terrible app. search function is completely broken. Used it 15 times.,Negative
109,App Review,Terrible app. payment process is completely broken,Negative
110,App Review,Horrible experience. The app is slow and notifications,Negative
111,App Review,1 star. search function doesn't work at all 1 star. UI design doesn't work at all,Negative
112,App Review,1 star. customer support doesn't work at all,Negative
113,App Review,Terrible app. customer support is completely broken. Used it 1 times.,Negative
114,App Review,Worst app ever! Crashes constantly during speed performance,Negative
115,App Review,Don't waste your time. customer support is unusable,Negative
116,App Review,1 star. speed performance doesn't work at all Don't waste your time. UI design is unusable,Negative
117,App Review,1 star. UI design doesn't work at all,Negative
118,App Review,Don't waste your time. search function is unusable Horrible experience. The app is slow and customer support. Used it 23 times.,Negative
119,App Review,Terrible app. payment process is completely broken,Negative
120,App Review,Don't waste your time. login system is unusable,Negative
121,App Review,1 star. UI design doesn't work at all Don't waste your time. notifications is unusable. Used it 14 times.,Negative
122,App Review,Terrible app. search function is completely broken 1 star. data backup doesn't work at all,Negative
123,App Review,Worst app ever! Crashes constantly during payment process Don't waste your time. data backup is unusable,Negative
124,App Review,1 star. customer support doesn't work at all Terrible app. payment process is completely broken,Negative
125,App Review,Horrible experience. The app is slow and search function,Negative
126,App Review,1 star. speed performance doesn't work at all Horrible experience. The app is slow and customer support,Negative
127,App Review,1 star. payment process doesn't work at all Don't waste your time. payment process is unusable,Negative
128,App Review,Terrible app. customer support is completely broken,Negative
129,App Review,Don't waste your time. customer support is unusable Horrible experience. The app is slow and data backup,Negative
130,App Review,Terrible app. payment process is completely broken. Used it 23 times.,Negative
131,App Review,1 star. notifications doesn't work at all,Negative
132,App Review,Horrible experience. The app is slow and notifications 1 star. data backup doesn't work at all. Used it 9 times.,Negative
133,App Review,Terrible app. customer support is completely broken,Negative
134,App Review,Worst app ever! Crashes constantly during customer support,Negative
135,App Review,Don't waste your time. payment process is unusable Terrible app. customer support is completely broken. Used it 12 times.,Negative
136,App Review,1 star. login system doesn't work at all,Negative
137,App Review,1 star. login system doesn't work at all,Negative
138,App Review,Worst app ever! Crashes constantly during data backup Terrible app. login system is completely broken,Negative
139,App Review,Horrible experience. The app is slow and data backup 1 star. speed performance doesn't work at all,Negative
140,App Review,Horrible experience. The app is slow and UI design Terrible app. search function is completely broken,Negative
141,App Review,Worst app ever! Crashes constantly during speed performance,Negative
142,App Review,Terrible app. customer support is completely broken Terrible app. search function is completely broken,Negative
143,App Review,Don't waste your time. search function is unusable,Negative
144,App Review,1 star. search function doesn't work at all 1 star. login system doesn't work at all,Negative
145,App Review,Worst app ever! Crashes constantly during customer support. Used it 3 times.,Negative
146,App Review,Worst app ever! Crashes constantly during speed performance,Negative
147,App Review,Terrible app. search function is completely broken,Negative
148,App Review,1 star. login system doesn't work at all Worst app ever! Crashes constantly during payment process,Negative
149,App Review,Terrible app. customer support is completely broken 1 star. customer support doesn't work at all,Negative
150,App Review,Worst app ever! Crashes constantly during payment process,Negative
151,App Review,Terrible app. speed performance is completely broken,Negative
152,App Review,Horrible experience. The app is slow and UI design Horrible experience. The app is slow and payment process,Negative
153,App Review,Don't waste your time. data backup is unusable Horrible experience. The app is slow and UI design,Negative
154,App Review,1 star. payment process doesn't work at all Terrible app. UI design is completely broken. Used it 22 times.,Negative
155,App Review,1 star. login system doesn't work at all,Negative
156,App Review,Horrible experience. The app is slow and data backup,Negative
157,App Review,Don't waste your time. search function is unusable,Negative
158,App Review,Terrible app. data backup is completely broken 1 star. search function doesn't work at all,Negative
159,App Review,Worst app ever! Crashes constantly during notifications,Negative
160,App Review,1 star. search function doesn't work at all Don't waste your time. login system is unusable,Negative
161,App Review,1 star. notifications doesn't work at all Terrible app. search function is completely broken,Negative
162,App Review,Don't waste your time. data backup is unusable,Negative
163,App Review,Don't waste your time. notifications is unusable,Negative
164,App Review,Horrible experience. The app is slow and login system Worst app ever! Crashes constantly during payment process,Negative
165,App Review,Horrible experience. The app is slow and data backup Terrible app. login system is completely broken,Negative
166,App Review,Worst app ever! Crashes constantly during payment process,Negative
167,App Review,Terrible app. customer support is completely broken Terrible app. data backup is completely broken,Negative
168,App Review,Horrible experience. The app is slow and payment process,Negative
169,App Review,Horrible experience. The app is slow and data backup Horrible experience. The app is slow and customer support,Negative
170,App Review,Horrible experience. The app is slow and customer support,Negative
171,App Review,Terrible app. payment process is completely broken,Negative
172,App Review,1 star. payment process doesn't work at all Terrible app. payment process is completely broken,Negative
173,App Review,Worst app ever! Crashes constantly during data backup Don't waste your time. data backup is unusable,Negative
174,App Review,Horrible experience. The app is slow and notifications Worst app ever! Crashes constantly during customer support,Negative
175,App Review,Horrible experience. The app is slow and login system,Negative
176,App Review,Horrible experience. The app is slow and search function Worst app ever! Crashes constantly during data backup,Negative
177,App Review,Don't waste your time. notifications is unusable,Negative
178,App Review,Terrible app. data backup is completely broken Terrible app. speed performance is completely broken,Negative
179,App Review,Terrible app. data backup is completely broken,Negative
180,App Review,1 star. search function doesn't work at all Terrible app. notifications is completely broken,Negative
181,App Review,1 star. data backup doesn't work at all Don't waste your time. login system is unusable,Negative
182,App Review,1 star. customer support doesn't work at all,Negative
183,App Review,Terrible app. UI design is completely broken Horrible experience. The app is slow and speed performance,Negative
184,App Review,Terrible app. notifications is completely broken,Negative
185,App Review,1 star. notifications doesn't work at all Horrible experience. The app is slow and speed performance. Used it 14 times.,Negative
186,App Review,Worst app ever! Crashes constantly during speed performance. Used it 28 times.,Negative
187,App Review,Don't waste your time. customer support is unusable Horrible experience. The app is slow and speed performance. Used it 21 times.,Negative
188,App Review,Horrible experience. The app is slow and payment process Terrible app. data backup is completely broken,Negative
189,App Review,Terrible app. data backup is completely broken,Negative
190,App Review,Horrible experience. The app is slow and payment process Horrible experience. The app is slow and payment process. Used it 13 times.,Negative
191,App Review,Terrible app. customer support is completely broken Horrible experience. The app is slow and notifications,Negative
192,App Review,Terrible app. search function is completely broken 1 star. login system doesn't work at all,Negative
193,App Review,Don't waste your time. data backup is unusable,Negative
194,App Review,Worst app ever! Crashes constantly during notifications Worst app ever! Crashes constantly during customer support,Negative
195,App Review,Terrible app. login system is completely broken,Negative
196,App Review,Terrible app. notifications is completely broken Worst app ever! Crashes constantly during UI design,Negative
197,App Review,Horrible experience. The app is slow and speed performance Worst app ever! Crashes constantly during speed performance,Negative
198,App Review,Don't waste your time. payment process is unusable Worst app ever! Crashes constantly during payment process,Negative
199,App Review,1 star. notifications doesn't work at all Terrible app. data backup is completely broken,Negative
200,App Review,Worst app ever! Crashes constantly during search function,Negative
201,App Review,App works fine. search function is okay App works fine. payment process is okay,Neutral
202,App Review,Average app. payment process functions normally Basic app. search function works,Neutral
203,App Review,App works fine. customer support is okay Okay app. Nothing special about login system,Neutral
204,App Review,Basic app. customer support works App works fine. data backup is okay,Neutral
205,App Review,Okay app. Nothing special about UI design Standard app. Does login system as expected,Neutral
206,App Review,Okay app. Nothing special about UI design App works fine. customer support is okay,Neutral
207,App Review,Okay app. Nothing special about data backup,Neutral
208,App Review,Basic app. speed performance works Okay app. Nothing special about UI design,Neutral
209,App Review,Average app. login system functions normally Average app. customer support functions normally,Neutral
210,App Review,Average app. UI design functions normally,Neutral
211,App Review,Basic app. notifications works App works fine. search function is okay. Used it 4 times.,Neutral
212,App Review,App works fine. customer support is okay Basic app. login system works. Used it 11 times.,Neutral
213,App Review,Standard app. Does customer support as expected. Used it 25 times.,Neutral
214,App Review,Basic app. customer support works,Neutral
215,App Review,Average app. speed performance functions normally,Neutral
216,App Review,Average app. speed performance functions normally,Neutral
217,App Review,Standard app. Does UI design as expected App works fine. speed performance is okay. Used it 26 times.,Neutral
218,App Review,Basic app. notifications works. Used it 9 times.,Neutral
219,App Review,Standard app. Does search function as expected,Neutral
220,App Review,Okay app. Nothing special about data backup,Neutral
221,App Review,Okay app. Nothing special about customer support,Neutral
222,App Review,Basic app. payment process works,Neutral
223,App Review,App works fine. data backup is okay,Neutral
224,App Review,App works fine. data backup is okay Okay app. Nothing special about UI design,Neutral
225,App Review,Basic app. speed performance works App works fine. speed performance is okay. Used it 21 times.,Neutral
226,App Review,Okay app. Nothing special about payment process Okay app. Nothing special about search function. Used it 23 times.,Neutral
227,App Review,Basic app. customer support works,Neutral
228,App Review,Okay app. Nothing special about notifications,Neutral
229,App Review,Okay app. Nothing special about UI design Average app. search function functions normally,Neutral
230,App Review,Average app. speed performance functions normally Okay app. Nothing special about UI design. Used it 3 times.,Neutral
231,App Review,Okay app. Nothing special about UI design,Neutral
232,App Review,Standard app. Does login system as expected Basic app. notifications works,Neutral
233,App Review,Average app. search function functions normally App works fine. payment process is okay,Neutral
234,App Review,App works fine. customer support is okay Standard app. Does data backup as expected. Used it 4 times.,Neutral
235,App Review,Basic app. notifications works App works fine. payment process is okay,Neutral
236,App Review,Basic app. login system works Basic app. payment process works. Used it 9 times.,Neutral
237,App Review,Average app. notifications functions normally App works fine. speed performance is okay,Neutral
238,App Review,App works fine. speed performance is okay App works fine. UI design is okay,Neutral
239,App Review,Okay app. Nothing special about search function,Neutral
240,App Review,Average app. payment process functions normally,Neutral
241,App Review,App works fine. speed performance is okay. Used it 20 times.,Neutral
242,App Review,App works fine. payment process is okay,Neutral
243,App Review,Okay app. Nothing special about data backup Okay app. Nothing special about payment process. Used it 17 times.,Neutral
244,App Review,Average app. search function functions normally. Used it 22 times.,Neutral
245,App Review,Basic app. payment process works App works fine. customer support is okay,Neutral
246,App Review,App works fine. customer support is okay,Neutral
247,App Review,Standard app. Does payment process as expected. Used it 4 times.,Neutral
248,App Review,Okay app. Nothing special about search function. Used it 13 times.,Neutral
249,App Review,Basic app. notifications works. Used it 28 times.,Neutral
250,App Review,Okay app. Nothing special about login system,Neutral
251,App Review,Average app. search function functions normally,Neutral
252,App Review,Average app. UI design functions normally Okay app. Nothing special about login system,Neutral
253,App Review,Basic app. data backup works,Neutral
254,App Review,App works fine. search function is okay App works fine. customer support is okay,Neutral
255,App Review,Basic app. UI design works Okay app. Nothing special about payment process,Neutral
256,App Review,Average app. speed performance functions normally. Used it 21 times.,Neutral
257,App Review,Basic app. customer support works,Neutral
258,App Review,Average app. speed performance functions normally Standard app. Does UI design as expected. Used it 7 times.,Neutral
259,App Review,Basic app. speed performance works,Neutral
260,App Review,Standard app. Does data backup as expected,Neutral
261,App Review,Basic app. notifications works Average app. speed performance functions normally,Neutral
262,App Review,Okay app. Nothing special about payment process Average app. login system functions normally,Neutral
263,App Review,Average app. data backup functions normally,Neutral
264,App Review,Average app. payment process functions normally. Used it 28 times.,Neutral
265,App Review,Basic app. search function works,Neutral
266,App Review,Okay app. Nothing special about customer support,Neutral
267,App Review,Basic app. speed performance works App works fine. data backup is okay. Used it 29 times.,Neutral
268,App Review,App works fine. speed performance is okay App works fine. customer support is okay,Neutral
269,App Review,Basic app. speed performance works Average app. notifications functions normally,Neutral
270,App Review,Okay app. Nothing special about notifications Basic app. login system works,Neutral
271,App Review,App works fine. notifications is okay App works fine. search function is okay. Used it 24 times.,Neutral
272,App Review,Average app. UI design functions normally,Neutral
273,App Review,Average app. payment process functions normally,Neutral
274,App Review,Standard app. Does UI design as expected Average app. search function functions normally,Neutral
275,App Review,Standard app. Does UI design as expected Okay app. Nothing special about notifications. Used it 10 times.,Neutral
276,App Review,Standard app. Does notifications as expected,Neutral
277,App Review,Standard app. Does customer support as expected Standard app. Does speed performance as expected. Used it 28 times.,Neutral
278,App Review,Basic app. login system works,Neutral
279,App Review,Basic app. search function works. Used it 6 times.,Neutral
280,App Review,Okay app. Nothing special about login system,Neutral
281,App Review,Okay app. Nothing special about payment process,Neutral
282,App Review,Standard app. Does customer support as expected Average app. data backup functions normally,Neutral
283,App Review,Average app. data backup functions normally,Neutral
284,App Review,Okay app. Nothing special about search function Standard app. Does customer support as expected,Neutral
285,App Review,Average app. login system functions normally,Neutral
286,App Review,Basic app. UI design works Basic app. UI design works. Used it 25 times.,Neutral
287,App Review,Average app. data backup functions normally,Neutral
288,App Review,Okay app. Nothing special about UI design,Neutral
289,App Review,Okay app. Nothing special about notifications,Neutral
290,App Review,App works fine. search function is okay Basic app. notifications works. Used it 3 times.,Neutral
291,App Review,Standard app. Does login system as expected Average app. UI design functions normally,Neutral
292,App Review,Standard app. Does speed performance as expected App works fine. payment process is okay,Neutral
293,App Review,Standard app. Does data backup as expected Okay app. Nothing special about login system,Neutral
294,App Review,Average app. customer support functions normally,Neutral
295,App Review,App works fine. payment process is okay Standard app. Does payment process as expected. Used it 8 times.,Neutral
296,App Review,Basic app. data backup works App works fine. UI design is okay,Neutral
297,App Review,Basic app. login system works Basic app. customer support works,Neutral
298,App Review,Okay app. Nothing special about login system Basic app. notifications works. Used it 14 times.,Neutral
299,App Review,App works fine. notifications is okay. Used it 17 times.,Neutral
300,App Review,Okay app. Nothing special about data backup. Used it 13 times.,Neutral
301,Hotel Review,5 stars! Best hotel experience with cleanliness 5 stars! Best hotel experience with comfortable beds,Positive
302,Hotel Review,Wonderful hotel. Location perfect and pool area beautiful. Used it 12 times.,Positive
303,Hotel Review,Perfect stay! Loved the location convenience facilities Outstanding! The staff was friendly and breakfast quality,Positive
304,Hotel Review,Outstanding! The staff was friendly and cleanliness. Used it 2 times.,Positive
305,Hotel Review,Amazing hotel! The room was pool area and service excellent,Positive
306,Hotel Review,Wonderful hotel. Location perfect and location convenience beautiful 5 stars! Best hotel experience with cleanliness,Positive
307,Hotel Review,5 stars! Best hotel experience with pool area,Positive
308,Hotel Review,5 stars! Best hotel experience with parking facility. Used it 12 times.,Positive
309,Hotel Review,Outstanding! The staff was friendly and location convenience Outstanding! The staff was friendly and pool area,Positive
310,Hotel Review,Outstanding! The staff was friendly and pool area Wonderful hotel. Location perfect and parking facility beautiful,Positive
311,Hotel Review,Amazing hotel! The room was staff friendliness and service excellent Wonderful hotel. Location perfect and breakfast quality beautiful,Positive
312,Hotel Review,Amazing hotel! The room was comfortable beds and service excellent 5 stars! Best hotel experience with parking facility,Positive
313,Hotel Review,Perfect stay! Loved the location convenience facilities 5 stars! Best hotel experience with location convenience. Used it 28 times.,Positive
314,Hotel Review,Wonderful hotel. Location perfect and staff friendliness beautiful 5 stars! Best hotel experience with cleanliness. Used it 21 times.,Positive
315,Hotel Review,5 stars! Best hotel experience with breakfast quality Amazing hotel! The room was breakfast quality and service excellent,Positive
316,Hotel Review,Amazing hotel! The room was breakfast quality and service excellent Amazing hotel! The room was wifi speed and service excellent,Positive
317,Hotel Review,5 stars! Best hotel experience with staff friendliness Wonderful hotel. Location perfect and cleanliness beautiful,Positive
318,Hotel Review,5 stars! Best hotel experience with pool area Outstanding! The staff was friendly and comfortable beds,Positive
319,Hotel Review,Outstanding! The staff was friendly and pool area 5 stars! Best hotel experience with wifi speed,Positive
320,Hotel Review,Perfect stay! Loved the location convenience facilities,Positive
321,Hotel Review,5 stars! Best hotel experience with parking facility,Positive
322,Hotel Review,Wonderful hotel. Location perfect and parking facility beautiful,Positive
323,Hotel Review,Perfect stay! Loved the comfortable beds facilities Perfect stay! Loved the comfortable beds facilities,Positive
324,Hotel Review,Amazing hotel! The room was pool area and service excellent 5 stars! Best hotel experience with comfortable beds,Positive
325,Hotel Review,5 stars! Best hotel experience with breakfast quality Perfect stay! Loved the pool area facilities,Positive
326,Hotel Review,Perfect stay! Loved the breakfast quality facilities. Used it 16 times.,Positive
327,Hotel Review,5 stars! Best hotel experience with pool area,Positive
328,Hotel Review,Wonderful hotel. Location perfect and comfortable beds beautiful. Used it 13 times.,Positive
329,Hotel Review,Wonderful hotel. Location perfect and staff friendliness beautiful Outstanding! The staff was friendly and comfortable beds. Used it 11 times.,Positive
330,Hotel Review,Outstanding! The staff was friendly and location convenience,Positive
331,Hotel Review,Perfect stay! Loved the breakfast quality facilities Perfect stay! Loved the staff friendliness facilities,Positive
332,Hotel Review,Amazing hotel! The room was breakfast quality and service excellent,Positive
333,Hotel Review,5 stars! Best hotel experience with wifi speed,Positive
334,Hotel Review,Amazing hotel! The room was parking facility and service excellent Perfect stay! Loved the parking facility facilities. Used it 10 times.,Positive
335,Hotel Review,Wonderful hotel. Location perfect and breakfast quality beautiful,Positive
336,Hotel Review,Perfect stay! Loved the pool area facilities,Positive
337,Hotel Review,Amazing hotel! The room was comfortable beds and service excellent. Used it 21 times.,Positive
338,Hotel Review,Perfect stay! Loved the staff friendliness facilities Wonderful hotel. Location perfect and cleanliness beautiful,Positive
339,Hotel Review,5 stars! Best hotel experience with location convenience Perfect stay! Loved the staff friendliness facilities. Used it 3 times.,Positive
340,Hotel Review,Perfect stay! Loved the location convenience facilities,Positive
341,Hotel Review,Perfect stay! Loved the pool area facilities Wonderful hotel. Location perfect and breakfast quality beautiful,Positive
342,Hotel Review,5 stars! Best hotel experience with staff friendliness Perfect stay! Loved the pool area facilities,Positive
343,Hotel Review,5 stars! Best hotel experience with wifi speed,Positive
344,Hotel Review,Outstanding! The staff was friendly and wifi speed Perfect stay! Loved the comfortable beds facilities. Used it 13 times.,Positive
345,Hotel Review,Perfect stay! Loved the breakfast quality facilities 5 stars! Best hotel experience with pool area. Used it 6 times.,Positive
346,Hotel Review,Wonderful hotel. Location perfect and location convenience beautiful Outstanding! The staff was friendly and parking facility,Positive
347,Hotel Review,Outstanding! The staff was friendly and location convenience,Positive
348,Hotel Review,Wonderful hotel. Location perfect and pool area beautiful. Used it 10 times.,Positive
349,Hotel Review,Wonderful hotel. Location perfect and location convenience beautiful 5 stars! Best hotel experience with cleanliness,Positive
350,Hotel Review,Perfect stay! Loved the parking facility facilities 5 stars! Best hotel experience with staff friendliness,Positive
351,Hotel Review,Amazing hotel! The room was wifi speed and service excellent 5 stars! Best hotel experience with parking facility. Used it 17 times.,Positive
352,Hotel Review,Wonderful hotel. Location perfect and parking facility beautiful Wonderful hotel. Location perfect and comfortable beds beautiful. Used it 4 times.,Positive
353,Hotel Review,5 stars! Best hotel experience with pool area Wonderful hotel. Location perfect and pool area beautiful,Positive
354,Hotel Review,Wonderful hotel. Location perfect and staff friendliness beautiful,Positive
355,Hotel Review,Amazing hotel! The room was breakfast quality and service excellent,Positive
356,Hotel Review,Wonderful hotel. Location perfect and location convenience beautiful Perfect stay! Loved the breakfast quality facilities,Positive
357,Hotel Review,Perfect stay! Loved the staff friendliness facilities Wonderful hotel. Location perfect and parking facility beautiful,Positive
358,Hotel Review,Wonderful hotel. Location perfect and parking facility beautiful Outstanding! The staff was friendly and cleanliness,Positive
359,Hotel Review,Outstanding! The staff was friendly and parking facility,Positive
360,Hotel Review,Wonderful hotel. Location perfect and location convenience beautiful. Used it 21 times.,Positive
361,Hotel Review,Amazing hotel! The room was location convenience and service excellent. Used it 21 times.,Positive
362,Hotel Review,Perfect stay! Loved the wifi speed facilities Amazing hotel! The room was comfortable beds and service excellent. Used it 15 times.,Positive
363,Hotel Review,Outstanding! The staff was friendly and breakfast quality Outstanding! The staff was friendly and wifi speed,Positive
364,Hotel Review,Amazing hotel! The room was breakfast quality and service excellent Wonderful hotel. Location perfect and wifi speed beautiful,Positive
365,Hotel Review,Wonderful hotel. Location perfect and staff friendliness beautiful 5 stars! Best hotel experience with breakfast quality,Positive
366,Hotel Review,Wonderful hotel. Location perfect and pool area beautiful 5 stars! Best hotel experience with location convenience. Used it 8 times.,Positive
367,Hotel Review,Wonderful hotel. Location perfect and parking facility beautiful Perfect stay! Loved the parking facility facilities,Positive
368,Hotel Review,Outstanding! The staff was friendly and pool area,Positive
369,Hotel Review,5 stars! Best hotel experience with comfortable beds Wonderful hotel. Location perfect and staff friendliness beautiful,Positive
370,Hotel Review,5 stars! Best hotel experience with breakfast quality 5 stars! Best hotel experience with cleanliness. Used it 23 times.,Positive
371,Hotel Review,5 stars! Best hotel experience with location convenience,Positive
372,Hotel Review,Perfect stay! Loved the wifi speed facilities Wonderful hotel. Location perfect and parking facility beautiful,Positive
373,Hotel Review,Perfect stay! Loved the comfortable beds facilities Wonderful hotel. Location perfect and wifi speed beautiful. Used it 22 times.,Positive
374,Hotel Review,Perfect stay! Loved the cleanliness facilities. Used it 11 times.,Positive
375,Hotel Review,Amazing hotel! The room was breakfast quality and service excellent Amazing hotel! The room was breakfast quality and service excellent,Positive
376,Hotel Review,Outstanding! The staff was friendly and wifi speed 5 stars! Best hotel experience with pool area. Used it 2 times.,Positive
377,Hotel Review,Wonderful hotel. Location perfect and wifi speed beautiful,Positive
378,Hotel Review,Perfect stay! Loved the staff friendliness facilities,Positive
379,Hotel Review,Amazing hotel! The room was staff friendliness and service excellent,Positive
380,Hotel Review,5 stars! Best hotel experience with cleanliness. Used it 19 times.,Positive
381,Hotel Review,5 stars! Best hotel experience with parking facility,Positive
382,Hotel Review,Perfect stay! Loved the location convenience facilities 5 stars! Best hotel experience with wifi speed,Positive
383,Hotel Review,Perfect stay! Loved the location convenience facilities 5 stars! Best hotel experience with breakfast quality. Used it 11 times.,Positive
384,Hotel Review,Wonderful hotel. Location perfect and wifi speed beautiful Perfect stay! Loved the staff friendliness facilities,Positive
385,Hotel Review,Amazing hotel! The room was staff friendliness and service excellent Amazing hotel! The room was breakfast quality and service excellent,Positive
386,Hotel Review,5 stars! Best hotel experience with wifi speed Amazing hotel! The room was parking facility and service excellent,Positive
387,Hotel Review,5 stars! Best hotel experience with pool area 5 stars! Best hotel experience with cleanliness. Used it 12 times.,Positive
388,Hotel Review,Amazing hotel! The room was comfortable beds and service excellent,Positive
389,Hotel Review,Outstanding! The staff was friendly and parking facility,Positive
390,Hotel Review,5 stars! Best hotel experience with wifi speed Perfect stay! Loved the breakfast quality facilities,Positive
391,Hotel Review,Wonderful hotel. Location perfect and pool area beautiful Outstanding! The staff was friendly and location convenience,Positive
392,Hotel Review,Perfect stay! Loved the comfortable beds facilities,Positive
393,Hotel Review,Amazing hotel! The room was comfortable beds and service excellent Amazing hotel! The room was wifi speed and service excellent,Positive
394,Hotel Review,Perfect stay! Loved the pool area facilities,Positive
395,Hotel Review,Amazing hotel! The room was wifi speed and service excellent Wonderful hotel. Location perfect and location convenience beautiful. Used it 17 times.,Positive
396,Hotel Review,Amazing hotel! The room was location convenience and service excellent Perfect stay! Loved the staff friendliness facilities,Positive
397,Hotel Review,Wonderful hotel. Location perfect and location convenience beautiful,Positive
398,Hotel Review,Amazing hotel! The room was staff friendliness and service excellent 5 stars! Best hotel experience with cleanliness,Positive
399,Hotel Review,Amazing hotel! The room was staff friendliness and service excellent,Positive
400,Hotel Review,Wonderful hotel. Location perfect and cleanliness beautiful,Positive
401,Hotel Review,Disgusting. Cleanliness was awful and cleanliness. Used it 6 times.,Negative
402,Hotel Review,Disgusting. Cleanliness was awful and pool area,Negative
403,Hotel Review,Disgusting. Cleanliness was awful and staff friendliness Disgusting. Cleanliness was awful and comfortable beds,Negative
404,Hotel Review,Never again! comfortable beds was broken and staff rude. Used it 18 times.,Negative
405,Hotel Review,Waste of money. breakfast quality completely unacceptable Horrible stay. Service was poor and cleanliness,Negative
406,Hotel Review,Disgusting. Cleanliness was awful and staff friendliness Waste of money. staff friendliness completely unacceptable,Negative
407,Hotel Review,Disgusting. Cleanliness was awful and pool area. Used it 7 times.,Negative
408,Hotel Review,Terrible hotel! Room was dirty and staff friendliness,Negative
409,Hotel Review,Horrible stay. Service was poor and wifi speed. Used it 20 times.,Negative
410,Hotel Review,Disgusting. Cleanliness was awful and cleanliness. Used it 2 times.,Negative
411,Hotel Review,Disgusting. Cleanliness was awful and wifi speed Waste of money. wifi speed completely unacceptable,Negative
412,Hotel Review,Horrible stay. Service was poor and parking facility. Used it 30 times.,Negative
413,Hotel Review,Waste of money. pool area completely unacceptable Horrible stay. Service was poor and parking facility,Negative
414,Hotel Review,Disgusting. Cleanliness was awful and parking facility. Used it 18 times.,Negative
415,Hotel Review,Disgusting. Cleanliness was awful and location convenience. Used it 12 times.,Negative
416,Hotel Review,Waste of money. pool area completely unacceptable Disgusting. Cleanliness was awful and staff friendliness. Used it 13 times.,Negative
417,Hotel Review,Waste of money. location convenience completely unacceptable. Used it 8 times.,Negative
418,Hotel Review,Horrible stay. Service was poor and location convenience Terrible hotel! Room was dirty and staff friendliness,Negative
419,Hotel Review,Disgusting. Cleanliness was awful and wifi speed. Used it 11 times.,Negative
420,Hotel Review,Disgusting. Cleanliness was awful and pool area. Used it 24 times.,Negative
421,Hotel Review,Terrible hotel! Room was dirty and parking facility,Negative
422,Hotel Review,Terrible hotel! Room was dirty and wifi speed,Negative
423,Hotel Review,Disgusting. Cleanliness was awful and wifi speed,Negative
424,Hotel Review,Never again! cleanliness was broken and staff rude Horrible stay. Service was poor and wifi speed,Negative
425,Hotel Review,Disgusting. Cleanliness was awful and wifi speed,Negative
426,Hotel Review,Disgusting. Cleanliness was awful and wifi speed,Negative
427,Hotel Review,Disgusting. Cleanliness was awful and location convenience Waste of money. pool area completely unacceptable,Negative
428,Hotel Review,Waste of money. location convenience completely unacceptable Disgusting. Cleanliness was awful and comfortable beds,Negative
429,Hotel Review,Never again! wifi speed was broken and staff rude Never again! pool area was broken and staff rude,Negative
430,Hotel Review,Horrible stay. Service was poor and cleanliness. Used it 30 times.,Negative
431,Hotel Review,Never again! breakfast quality was broken and staff rude Horrible stay. Service was poor and pool area. Used it 19 times.,Negative
432,Hotel Review,Disgusting. Cleanliness was awful and pool area. Used it 27 times.,Negative
433,Hotel Review,Disgusting. Cleanliness was awful and location convenience Horrible stay. Service was poor and pool area. Used it 24 times.,Negative
434,Hotel Review,Horrible stay. Service was poor and cleanliness Waste of money. cleanliness completely unacceptable,Negative
435,Hotel Review,Terrible hotel! Room was dirty and cleanliness,Negative
436,Hotel Review,Terrible hotel! Room was dirty and breakfast quality. Used it 17 times.,Negative
437,Hotel Review,Never again! cleanliness was broken and staff rude Waste of money. location convenience completely unacceptable,Negative
438,Hotel Review,Terrible hotel! Room was dirty and staff friendliness. Used it 17 times.,Negative
439,Hotel Review,Waste of money. parking facility completely unacceptable Terrible hotel! Room was dirty and staff friendliness,Negative
440,Hotel Review,Terrible hotel! Room was dirty and comfortable beds,Negative
441,Hotel Review,Horrible stay. Service was poor and parking facility,Negative
442,Hotel Review,Disgusting. Cleanliness was awful and comfortable beds Never again! staff friendliness was broken and staff rude,Negative
443,Hotel Review,Horrible stay. Service was poor and parking facility,Negative
444,Hotel Review,Terrible hotel! Room was dirty and comfortable beds,Negative
445,Hotel Review,Waste of money. location convenience completely unacceptable Terrible hotel! Room was dirty and cleanliness,Negative
446,Hotel Review,Disgusting. Cleanliness was awful and staff friendliness,Negative
447,Hotel Review,Waste of money. comfortable beds completely unacceptable Waste of money. cleanliness completely unacceptable. Used it 29 times.,Negative
448,Hotel Review,Never again! cleanliness was broken and staff rude Terrible hotel! Room was dirty and parking facility,Negative
449,Hotel Review,Horrible stay. Service was poor and pool area. Used it 7 times.,Negative
450,Hotel Review,Disgusting. Cleanliness was awful and comfortable beds. Used it 19 times.,Negative
451,Hotel Review,Waste of money. staff friendliness completely unacceptable,Negative
452,Hotel Review,Disgusting. Cleanliness was awful and breakfast quality Terrible hotel! Room was dirty and pool area. Used it 14 times.,Negative
453,Hotel Review,Terrible hotel! Room was dirty and pool area,Negative
454,Hotel Review,Never again! cleanliness was broken and staff rude Never again! location convenience was broken and staff rude,Negative
455,Hotel Review,Waste of money. staff friendliness completely unacceptable Disgusting. Cleanliness was awful and breakfast quality,Negative
456,Hotel Review,Terrible hotel! Room was dirty and parking facility Horrible stay. Service was poor and comfortable beds. Used it 5 times.,Negative
457,Hotel Review,Horrible stay. Service was poor and staff friendliness Never again! pool area was broken and staff rude. Used it 1 times.,Negative
458,Hotel Review,Disgusting. Cleanliness was awful and pool area Never again! comfortable beds was broken and staff rude. Used it 6 times.,Negative
459,Hotel Review,Disgusting. Cleanliness was awful and staff friendliness Terrible hotel! Room was dirty and cleanliness. Used it 18 times.,Negative
460,Hotel Review,Waste of money. pool area completely unacceptable,Negative
461,Hotel Review,Never again! staff friendliness was broken and staff rude,Negative
462,Hotel Review,Waste of money. wifi speed completely unacceptable,Negative
463,Hotel Review,Disgusting. Cleanliness was awful and breakfast quality. Used it 10 times.,Negative
464,Hotel Review,Disgusting. Cleanliness was awful and breakfast quality Terrible hotel! Room was dirty and breakfast quality,Negative
465,Hotel Review,Never again! location convenience was broken and staff rude Terrible hotel! Room was dirty and pool area. Used it 8 times.,Negative
466,Hotel Review,Waste of money. wifi speed completely unacceptable Disgusting. Cleanliness was awful and comfortable beds. Used it 1 times.,Negative
467,Hotel Review,Never again! staff friendliness was broken and staff rude Never again! location convenience was broken and staff rude,Negative
468,Hotel Review,Never again! pool area was broken and staff rude,Negative
469,Hotel Review,Disgusting. Cleanliness was awful and pool area. Used it 13 times.,Negative
470,Hotel Review,Never again! location convenience was broken and staff rude Waste of money. wifi speed completely unacceptable,Negative
471,Hotel Review,Disgusting. Cleanliness was awful and pool area Terrible hotel! Room was dirty and wifi speed,Negative
472,Hotel Review,Waste of money. cleanliness completely unacceptable,Negative
473,Hotel Review,Horrible stay. Service was poor and location convenience Never again! comfortable beds was broken and staff rude,Negative
474,Hotel Review,Disgusting. Cleanliness was awful and breakfast quality Never again! wifi speed was broken and staff rude. Used it 5 times.,Negative
475,Hotel Review,Disgusting. Cleanliness was awful and comfortable beds Disgusting. Cleanliness was awful and location convenience,Negative
476,Hotel Review,Waste of money. cleanliness completely unacceptable Never again! comfortable beds was broken and staff rude. Used it 8 times.,Negative
477,Hotel Review,Horrible stay. Service was poor and cleanliness Waste of money. staff friendliness completely unacceptable,Negative
478,Hotel Review,Disgusting. Cleanliness was awful and comfortable beds Terrible hotel! Room was dirty and comfortable beds. Used it 17 times.,Negative
479,Hotel Review,Disgusting. Cleanliness was awful and pool area,Negative
480,Hotel Review,Never again! cleanliness was broken and staff rude,Negative
481,Hotel Review,Disgusting. Cleanliness was awful and comfortable beds Terrible hotel! Room was dirty and breakfast quality,Negative
482,Hotel Review,Disgusting. Cleanliness was awful and wifi speed Waste of money. location convenience completely unacceptable,Negative
483,Hotel Review,Disgusting. Cleanliness was awful and location convenience,Negative
484,Hotel Review,Terrible hotel! Room was dirty and comfortable beds Terrible hotel! Room was dirty and pool area,Negative
485,Hotel Review,Horrible stay. Service was poor and breakfast quality,Negative
486,Hotel Review,Waste of money. staff friendliness completely unacceptable Disgusting. Cleanliness was awful and wifi speed,Negative
487,Hotel Review,Horrible stay. Service was poor and staff friendliness,Negative
488,Hotel Review,Disgusting. Cleanliness was awful and staff friendliness,Negative
489,Hotel Review,Horrible stay. Service was poor and parking facility,Negative
490,Hotel Review,Waste of money. comfortable beds completely unacceptable,Negative
491,Hotel Review,Never again! pool area was broken and staff rude. Used it 4 times.,Negative
492,Hotel Review,Disgusting. Cleanliness was awful and pool area Waste of money. staff friendliness completely unacceptable,Negative
493,Hotel Review,Never again! pool area was broken and staff rude,Negative
494,Hotel Review,Never again! comfortable beds was broken and staff rude,Negative
495,Hotel Review,Terrible hotel! Room was dirty and wifi speed Never again! comfortable beds was broken and staff rude. Used it 23 times.,Negative
496,Hotel Review,Waste of money. staff friendliness completely unacceptable,Negative
497,Hotel Review,Waste of money. staff friendliness completely unacceptable,Negative
498,Hotel Review,Waste of money. breakfast quality completely unacceptable Waste of money. breakfast quality completely unacceptable,Negative
499,Hotel Review,Horrible stay. Service was poor and pool area,Negative
500,Hotel Review,Never again! cleanliness was broken and staff rude,Negative
501,Hotel Review,Fine experience. Nothing special about location convenience,Neutral
502,Hotel Review,Fine experience. Nothing special about location convenience Fine experience. Nothing special about breakfast quality. Used it 1 times.,Neutral
503,Hotel Review,Decent hotel. Service okay and cleanliness. Used it 18 times.,Neutral
504,Hotel Review,Average stay. location convenience was standard Standard hotel. location convenience worked fine,Neutral
505,Hotel Review,Standard hotel. comfortable beds worked fine. Used it 18 times.,Neutral
506,Hotel Review,Standard hotel. cleanliness worked fine Fine experience. Nothing special about wifi speed,Neutral
507,Hotel Review,Average stay. parking facility was standard,Neutral
508,Hotel Review,Fine experience. Nothing special about parking facility,Neutral
509,Hotel Review,Fine experience. Nothing special about comfortable beds,Neutral
510,Hotel Review,Average stay. pool area was standard,Neutral
511,Hotel Review,Average stay. breakfast quality was standard Average stay. wifi speed was standard,Neutral
512,Hotel Review,Standard hotel. parking facility worked fine Standard hotel. breakfast quality worked fine,Neutral
513,Hotel Review,Decent hotel. Service okay and parking facility Standard hotel. comfortable beds worked fine. Used it 25 times.,Neutral
514,Hotel Review,Okay hotel. Room was clean but parking facility Average stay. breakfast quality was standard. Used it 23 times.,Neutral
515,Hotel Review,Average stay. staff friendliness was standard Fine experience. Nothing special about breakfast quality,Neutral
516,Hotel Review,Fine experience. Nothing special about staff friendliness Fine experience. Nothing special about comfortable beds,Neutral
517,Hotel Review,Fine experience. Nothing special about parking facility,Neutral
518,Hotel Review,Fine experience. Nothing special about location convenience Decent hotel. Service okay and cleanliness,Neutral
519,Hotel Review,Fine experience. Nothing special about pool area,Neutral
520,Hotel Review,Average stay. staff friendliness was standard Average stay. location convenience was standard. Used it 27 times.,Neutral
521,Hotel Review,Decent hotel. Service okay and breakfast quality Standard hotel. location convenience worked fine,Neutral
522,Hotel Review,Okay hotel. Room was clean but comfortable beds,Neutral
523,Hotel Review,Okay hotel. Room was clean but comfortable beds Average stay. location convenience was standard,Neutral
524,Hotel Review,Average stay. breakfast quality was standard Decent hotel. Service okay and breakfast quality,Neutral
525,Hotel Review,Okay hotel. Room was clean but pool area Decent hotel. Service okay and comfortable beds,Neutral
526,Hotel Review,Okay hotel. Room was clean but staff friendliness,Neutral
527,Hotel Review,Fine experience. Nothing special about comfortable beds,Neutral
528,Hotel Review,Average stay. location convenience was standard. Used it 19 times.,Neutral
529,Hotel Review,Standard hotel. location convenience worked fine. Used it 23 times.,Neutral
530,Hotel Review,Okay hotel. Room was clean but staff friendliness Average stay. location convenience was standard. Used it 13 times.,Neutral
531,Hotel Review,Okay hotel. Room was clean but comfortable beds,Neutral
532,Hotel Review,Average stay. staff friendliness was standard Average stay. breakfast quality was standard. Used it 19 times.,Neutral
533,Hotel Review,Standard hotel. breakfast quality worked fine,Neutral
534,Hotel Review,Average stay. staff friendliness was standard,Neutral
535,Hotel Review,Average stay. comfortable beds was standard Okay hotel. Room was clean but breakfast quality,Neutral
536,Hotel Review,Decent hotel. Service okay and staff friendliness Decent hotel. Service okay and breakfast quality. Used it 21 times.,Neutral
537,Hotel Review,Average stay. parking facility was standard,Neutral
538,Hotel Review,Decent hotel. Service okay and wifi speed,Neutral
539,Hotel Review,Fine experience. Nothing special about parking facility,Neutral
540,Hotel Review,Fine experience. Nothing special about staff friendliness. Used it 16 times.,Neutral
541,Hotel Review,Standard hotel. cleanliness worked fine,Neutral
542,Hotel Review,Average stay. staff friendliness was standard Standard hotel. staff friendliness worked fine,Neutral
543,Hotel Review,Fine experience. Nothing special about comfortable beds. Used it 3 times.,Neutral
544,Hotel Review,Decent hotel. Service okay and wifi speed. Used it 2 times.,Neutral
545,Hotel Review,Standard hotel. parking facility worked fine Standard hotel. staff friendliness worked fine,Neutral
546,Hotel Review,Okay hotel. Room was clean but breakfast quality Decent hotel. Service okay and comfortable beds,Neutral
547,Hotel Review,Average stay. pool area was standard,Neutral
548,Hotel Review,Decent hotel. Service okay and staff friendliness,Neutral
549,Hotel Review,Okay hotel. Room was clean but wifi speed. Used it 14 times.,Neutral
550,Hotel Review,Fine experience. Nothing special about cleanliness,Neutral
551,Hotel Review,Okay hotel. Room was clean but cleanliness,Neutral
552,Hotel Review,Average stay. location convenience was standard,Neutral
553,Hotel Review,Average stay. pool area was standard Average stay. parking facility was standard,Neutral
554,Hotel Review,Okay hotel. Room was clean but pool area,Neutral
555,Hotel Review,Standard hotel. comfortable beds worked fine Decent hotel. Service okay and comfortable beds,Neutral
556,Hotel Review,Okay hotel. Room was clean but location convenience Standard hotel. breakfast quality worked fine,Neutral
557,Hotel Review,Okay hotel. Room was clean but comfortable beds Average stay. cleanliness was standard. Used it 28 times.,Neutral
558,Hotel Review,Average stay. cleanliness was standard,Neutral
559,Hotel Review,Average stay. breakfast quality was standard Okay hotel. Room was clean but staff friendliness. Used it 8 times.,Neutral
560,Hotel Review,Decent hotel. Service okay and parking facility Okay hotel. Room was clean but pool area. Used it 22 times.,Neutral
561,Hotel Review,Average stay. wifi speed was standard,Neutral
562,Hotel Review,Fine experience. Nothing special about comfortable beds,Neutral
563,Hotel Review,Decent hotel. Service okay and pool area Okay hotel. Room was clean but location convenience. Used it 7 times.,Neutral
564,Hotel Review,Standard hotel. parking facility worked fine Standard hotel. wifi speed worked fine,Neutral
565,Hotel Review,Average stay. wifi speed was standard Average stay. cleanliness was standard,Neutral
566,Hotel Review,Average stay. pool area was standard,Neutral
567,Hotel Review,Decent hotel. Service okay and cleanliness,Neutral
568,Hotel Review,Decent hotel. Service okay and comfortable beds Average stay. wifi speed was standard,Neutral
569,Hotel Review,Average stay. parking facility was standard. Used it 30 times.,Neutral
570,Hotel Review,Standard hotel. staff friendliness worked fine,Neutral
571,Hotel Review,Fine experience. Nothing special about comfortable beds Standard hotel. comfortable beds worked fine,Neutral
572,Hotel Review,Okay hotel. Room was clean but cleanliness Fine experience. Nothing special about breakfast quality. Used it 9 times.,Neutral
573,Hotel Review,Fine experience. Nothing special about pool area Decent hotel. Service okay and location convenience. Used it 3 times.,Neutral
574,Hotel Review,Average stay. comfortable beds was standard. Used it 6 times.,Neutral
575,Hotel Review,Fine experience. Nothing special about pool area Fine experience. Nothing special about comfortable beds,Neutral
576,Hotel Review,Fine experience. Nothing special about parking facility,Neutral
577,Hotel Review,Okay hotel. Room was clean but breakfast quality,Neutral
578,Hotel Review,Standard hotel. cleanliness worked fine Average stay. pool area was standard. Used it 23 times.,Neutral
579,Hotel Review,Decent hotel. Service okay and staff friendliness,Neutral
580,Hotel Review,Decent hotel. Service okay and breakfast quality Okay hotel. Room was clean but staff friendliness,Neutral
581,Hotel Review,Okay hotel. Room was clean but location convenience. Used it 26 times.,Neutral
582,Hotel Review,Okay hotel. Room was clean but cleanliness. Used it 25 times.,Neutral
583,Hotel Review,Average stay. wifi speed was standard,Neutral
584,Hotel Review,Okay hotel. Room was clean but parking facility Okay hotel. Room was clean but cleanliness,Neutral
585,Hotel Review,Fine experience. Nothing special about breakfast quality. Used it 28 times.,Neutral
586,Hotel Review,Okay hotel. Room was clean but cleanliness Fine experience. Nothing special about cleanliness. Used it 19 times.,Neutral
587,Hotel Review,Fine experience. Nothing special about location convenience Okay hotel. Room was clean but staff friendliness,Neutral
588,Hotel Review,Decent hotel. Service okay and wifi speed,Neutral
589,Hotel Review,Decent hotel. Service okay and location convenience Average stay. cleanliness was standard,Neutral
590,Hotel Review,Decent hotel. Service okay and location convenience,Neutral
591,Hotel Review,Okay hotel. Room was clean but comfortable beds Decent hotel. Service okay and staff friendliness. Used it 7 times.,Neutral
592,Hotel Review,Standard hotel. cleanliness worked fine,Neutral
593,Hotel Review,Fine experience. Nothing special about location convenience Decent hotel. Service okay and pool area,Neutral
594,Hotel Review,Okay hotel. Room was clean but pool area,Neutral
595,Hotel Review,Decent hotel. Service okay and cleanliness,Neutral
596,Hotel Review,Standard hotel. pool area worked fine Standard hotel. wifi speed worked fine,Neutral
597,Hotel Review,Average stay. wifi speed was standard. Used it 27 times.,Neutral
598,Hotel Review,Average stay. staff friendliness was standard,Neutral
599,Hotel Review,Average stay. wifi speed was standard,Neutral
600,Hotel Review,Standard hotel. cleanliness worked fine Decent hotel. Service okay and breakfast quality,Neutral
601,Text Message,You're the best! Love how you handle the budget. Used it 2 times.,Positive
602,Text Message,Hey! Just wanted to say I love working with you 😊 the deadline,Positive
603,Text Message,Amazing! Thanks for the quick help with the results. Used it 30 times.,Positive
604,Text Message,Great job today! You're awesome at the presentation,Positive
605,Text Message,Hey! Just wanted to say I love working with you 😊 the project Great job today! You're awesome at the meeting,Positive
606,Text Message,Hey! Just wanted to say I love working with you 😊 the presentation You're the best! Love how you handle that report,Positive
607,Text Message,Great job today! You're awesome at the meeting You're the best! Love how you handle the results,Positive
608,Text Message,Amazing! Thanks for the quick help with the presentation. Used it 19 times.,Positive
609,Text Message,You're the best! Love how you handle the budget,Positive
610,Text Message,Great job today! You're awesome at the meeting Hey! Just wanted to say I love working with you 😊 the data,Positive
611,Text Message,Great job today! You're awesome at the presentation,Positive
612,Text Message,Amazing! Thanks for the quick help with that report,Positive
613,Text Message,Thanks so much! That was really helpful that report. Used it 11 times.,Positive
614,Text Message,Hey! Just wanted to say I love working with you 😊 the presentation,Positive
615,Text Message,Great job today! You're awesome at the deadline Hey! Just wanted to say I love working with you 😊 the presentation. Used it 4 times.,Positive
616,Text Message,Hey! Just wanted to say I love working with you 😊 the data,Positive
617,Text Message,Great job today! You're awesome at the data You're the best! Love how you handle the data,Positive
618,Text Message,Hey! Just wanted to say I love working with you 😊 the results Amazing! Thanks for the quick help with the deadline. Used it 3 times.,Positive
619,Text Message,Thanks so much! That was really helpful the project,Positive
620,Text Message,Hey! Just wanted to say I love working with you 😊 the presentation. Used it 13 times.,Positive
621,Text Message,Hey! Just wanted to say I love working with you 😊 that report,Positive
622,Text Message,Hey! Just wanted to say I love working with you 😊 the data Great job today! You're awesome at the data. Used it 4 times.,Positive
623,Text Message,Great job today! You're awesome at the deadline You're the best! Love how you handle the budget,Positive
624,Text Message,Great job today! You're awesome at that report Hey! Just wanted to say I love working with you 😊 the data,Positive
625,Text Message,Great job today! You're awesome at the project Thanks so much! That was really helpful the project,Positive
626,Text Message,Amazing! Thanks for the quick help with the results Great job today! You're awesome at that report. Used it 6 times.,Positive
627,Text Message,Hey! Just wanted to say I love working with you 😊 the results Hey! Just wanted to say I love working with you 😊 the budget,Positive
628,Text Message,You're the best! Love how you handle the budget Hey! Just wanted to say I love working with you 😊 the data. Used it 29 times.,Positive
629,Text Message,Thanks so much! That was really helpful the meeting You're the best! Love how you handle the project. Used it 15 times.,Positive
630,Text Message,Great job today! You're awesome at the budget Amazing! Thanks for the quick help with the project. Used it 23 times.,Positive
631,Text Message,Hey! Just wanted to say I love working with you 😊 the presentation,Positive
632,Text Message,Amazing! Thanks for the quick help with the deadline Amazing! Thanks for the quick help with the project,Positive
633,Text Message,Amazing! Thanks for the quick help with the results Amazing! Thanks for the quick help with the deadline,Positive
634,Text Message,You're the best! Love how you handle the project,Positive
635,Text Message,Hey! Just wanted to say I love working with you 😊 the results. Used it 6 times.,Positive
636,Text Message,Great job today! You're awesome at the meeting. Used it 3 times.,Positive
637,Text Message,Great job today! You're awesome at the meeting Amazing! Thanks for the quick help with the budget,Positive
638,Text Message,Hey! Just wanted to say I love working with you 😊 the data,Positive
639,Text Message,Thanks so much! That was really helpful the results Hey! Just wanted to say I love working with you 😊 the data. Used it 5 times.,Positive
640,Text Message,Amazing! Thanks for the quick help with that report,Positive
641,Text Message,Thanks so much! That was really helpful the presentation,Positive
642,Text Message,You're the best! Love how you handle the results Amazing! Thanks for the quick help with the results. Used it 9 times.,Positive
643,Text Message,Great job today! You're awesome at the data Hey! Just wanted to say I love working with you 😊 the data,Positive
644,Text Message,Great job today! You're awesome at the project You're the best! Love how you handle the budget,Positive
645,Text Message,Thanks so much! That was really helpful the budget,Positive
646,Text Message,Hey! Just wanted to say I love working with you 😊 the deadline Great job today! You're awesome at the budget,Positive
647,Text Message,Thanks so much! That was really helpful the budget You're the best! Love how you handle that report. Used it 7 times.,Positive
648,Text Message,You're the best! Love how you handle the presentation Hey! Just wanted to say I love working with you 😊 the meeting. Used it 23 times.,Positive
649,Text Message,Great job today! You're awesome at the project Great job today! You're awesome at the deadline,Positive
650,Text Message,Hey! Just wanted to say I love working with you 😊 the deadline. Used it 2 times.,Positive
651,Text Message,Great job today! You're awesome at the budget Thanks so much! That was really helpful the results,Positive
652,Text Message,Hey! Just wanted to say I love working with you 😊 the deadline,Positive
653,Text Message,Great job today! You're awesome at the results Amazing! Thanks for the quick help with the presentation,Positive
654,Text Message,Hey! Just wanted to say I love working with you 😊 the budget Hey! Just wanted to say I love working with you 😊 the data. Used it 28 times.,Positive
655,Text Message,Great job today! You're awesome at the deadline,Positive
656,Text Message,You're the best! Love how you handle the project Hey! Just wanted to say I love working with you 😊 the results,Positive
657,Text Message,Amazing! Thanks for the quick help with the project. Used it 20 times.,Positive
658,Text Message,Thanks so much! That was really helpful the data You're the best! Love how you handle the presentation,Positive
659,Text Message,You're the best! Love how you handle the budget,Positive
660,Text Message,Amazing! Thanks for the quick help with that report Hey! Just wanted to say I love working with you 😊 the presentation,Positive
661,Text Message,Thanks so much! That was really helpful that report You're the best! Love how you handle that report,Positive
662,Text Message,Thanks so much! That was really helpful the budget Thanks so much! That was really helpful the budget. Used it 17 times.,Positive
663,Text Message,Hey! Just wanted to say I love working with you 😊 the data,Positive
664,Text Message,Hey! Just wanted to say I love working with you 😊 the results,Positive
665,Text Message,You're the best! Love how you handle the data You're the best! Love how you handle the project,Positive
666,Text Message,Thanks so much! That was really helpful the deadline,Positive
667,Text Message,Thanks so much! That was really helpful the budget Great job today! You're awesome at the meeting. Used it 16 times.,Positive
668,Text Message,Thanks so much! That was really helpful the meeting,Positive
669,Text Message,Hey! Just wanted to say I love working with you 😊 the deadline Thanks so much! That was really helpful the deadline,Positive
670,Text Message,You're the best! Love how you handle the presentation Thanks so much! That was really helpful the budget,Positive
671,Text Message,Hey! Just wanted to say I love working with you 😊 the results Hey! Just wanted to say I love working with you 😊 that report,Positive
672,Text Message,Amazing! Thanks for the quick help with that report,Positive
673,Text Message,Amazing! Thanks for the quick help with the budget You're the best! Love how you handle the project,Positive
674,Text Message,Great job today! You're awesome at the deadline,Positive
675,Text Message,Great job today! You're awesome at the presentation Great job today! You're awesome at that report,Positive
676,Text Message,Thanks so much! That was really helpful the project. Used it 9 times.,Positive
677,Text Message,Great job today! You're awesome at the meeting,Positive
678,Text Message,Great job today! You're awesome at the data,Positive
679,Text Message,You're the best! Love how you handle the results You're the best! Love how you handle the project. Used it 7 times.,Positive
680,Text Message,Hey! Just wanted to say I love working with you 😊 the presentation Amazing! Thanks for the quick help with the deadline. Used it 1 times.,Positive
681,Text Message,Great job today! You're awesome at the presentation,Positive
682,Text Message,You're the best! Love how you handle the budget. Used it 27 times.,Positive
683,Text Message,Thanks so much! That was really helpful the budget,Positive
684,Text Message,You're the best! Love how you handle the meeting Thanks so much! That was really helpful the results,Positive
685,Text Message,Great job today! You're awesome at the data. Used it 8 times.,Positive
686,Text Message,Great job today! You're awesome at the project,Positive
687,Text Message,Hey! Just wanted to say I love working with you 😊 the presentation,Positive
688,Text Message,You're the best! Love how you handle the budget,Positive
689,Text Message,Amazing! Thanks for the quick help with the project,Positive
690,Text Message,Hey! Just wanted to say I love working with you 😊 that report,Positive
691,Text Message,Hey! Just wanted to say I love working with you 😊 the budget You're the best! Love how you handle the meeting. Used it 22 times.,Positive
692,Text Message,Thanks so much! That was really helpful the data,Positive
693,Text Message,Amazing! Thanks for the quick help with the meeting You're the best! Love how you handle that report,Positive
694,Text Message,Thanks so much! That was really helpful that report,Positive
695,Text Message,Great job today! You're awesome at the deadline Thanks so much! That was really helpful the deadline,Positive
696,Text Message,Thanks so much! That was really helpful the meeting Hey! Just wanted to say I love working with you 😊 the results,Positive
697,Text Message,Thanks so much! That was really helpful the deadline Hey! Just wanted to say I love working with you 😊 the project,Positive
698,Text Message,Amazing! Thanks for the quick help with the results. Used it 3 times.,Positive
699,Text Message,Hey! Just wanted to say I love working with you 😊 the budget,Positive
700,Text Message,Thanks so much! That was really helpful the budget You're the best! Love how you handle the project. Used it 6 times.,Positive
701,Text Message,I'm really disappointed with the presentation,Negative
702,Text Message,What a mess! that report is completely wrong Seriously? Why did you do the project like that 😡. Used it 5 times.,Negative
703,Text Message,I'm really disappointed with the presentation,Negative
704,Text Message,Seriously? Why did you do the presentation like that 😡 I'm really disappointed with the meeting. Used it 13 times.,Negative
705,Text Message,I'm really disappointed with the data What a mess! the data is completely wrong,Negative
706,Text Message,Seriously? Why did you do the meeting like that 😡,Negative
707,Text Message,This is unacceptable. that report needs to be fixed now,Negative
708,Text Message,Can't believe you forgot about the results This is unacceptable. the data needs to be fixed now,Negative
709,Text Message,This is unacceptable. the results needs to be fixed now,Negative
710,Text Message,What a mess! the results is completely wrong. Used it 9 times.,Negative
711,Text Message,Seriously? Why did you do the deadline like that 😡 I'm really disappointed with that report,Negative
712,Text Message,What a mess! the presentation is completely wrong,Negative
713,Text Message,This is unacceptable. the project needs to be fixed now Seriously? Why did you do the meeting like that 😡,Negative
714,Text Message,What a mess! the meeting is completely wrong Seriously? Why did you do the results like that 😡,Negative
715,Text Message,I'm really disappointed with the project Can't believe you forgot about the deadline,Negative
716,Text Message,What a mess! the deadline is completely wrong Seriously? Why did you do the results like that 😡,Negative
717,Text Message,Seriously? Why did you do the results like that 😡 What a mess! the presentation is completely wrong. Used it 16 times.,Negative
718,Text Message,Seriously? Why did you do the data like that 😡,Negative
719,Text Message,Seriously? Why did you do the budget like that 😡,Negative
720,Text Message,What a mess! the presentation is completely wrong,Negative
721,Text Message,This is unacceptable. the results needs to be fixed now,Negative
722,Text Message,I'm really disappointed with the results Seriously? Why did you do that report like that 😡,Negative
723,Text Message,Seriously? Why did you do the presentation like that 😡,Negative
724,Text Message,Can't believe you forgot about the presentation Seriously? Why did you do the project like that 😡,Negative
725,Text Message,This is unacceptable. the data needs to be fixed now Seriously? Why did you do the budget like that 😡,Negative
726,Text Message,Seriously? Why did you do the data like that 😡. Used it 27 times.,Negative
727,Text Message,I'm really disappointed with that report,Negative
728,Text Message,Can't believe you forgot about that report,Negative
729,Text Message,What a mess! the meeting is completely wrong What a mess! the project is completely wrong,Negative
730,Text Message,Can't believe you forgot about the data,Negative
731,Text Message,Can't believe you forgot about the meeting Can't believe you forgot about the meeting,Negative
732,Text Message,Seriously? Why did you do the data like that 😡,Negative
733,Text Message,Can't believe you forgot about the data What a mess! the deadline is completely wrong. Used it 11 times.,Negative
734,Text Message,What a mess! the meeting is completely wrong This is unacceptable. the data needs to be fixed now,Negative
735,Text Message,Can't believe you forgot about the presentation Can't believe you forgot about the deadline. Used it 20 times.,Negative
736,Text Message,I'm really disappointed with the meeting This is unacceptable. the presentation needs to be fixed now,Negative
737,Text Message,Can't believe you forgot about the results Can't believe you forgot about the data,Negative
738,Text Message,What a mess! the project is completely wrong Can't believe you forgot about that report. Used it 5 times.,Negative
739,Text Message,Seriously? Why did you do the deadline like that 😡. Used it 26 times.,Negative
740,Text Message,I'm really disappointed with the budget. Used it 2 times.,Negative
741,Text Message,This is unacceptable. the project needs to be fixed now I'm really disappointed with the results. Used it 28 times.,Negative
742,Text Message,Can't believe you forgot about the data. Used it 26 times.,Negative
743,Text Message,Seriously? Why did you do the data like that 😡 What a mess! the data is completely wrong,Negative
744,Text Message,Can't believe you forgot about the project Seriously? Why did you do the budget like that 😡. Used it 28 times.,Negative
745,Text Message,This is unacceptable. the presentation needs to be fixed now Can't believe you forgot about the deadline,Negative
746,Text Message,I'm really disappointed with the results. Used it 22 times.,Negative
747,Text Message,This is unacceptable. the meeting needs to be fixed now,Negative
748,Text Message,What a mess! the project is completely wrong,Negative
749,Text Message,This is unacceptable. the meeting needs to be fixed now Can't believe you forgot about the budget. Used it 15 times.,Negative
750,Text Message,Seriously? Why did you do the meeting like that 😡,Negative
751,Text Message,Can't believe you forgot about the budget,Negative
752,Text Message,Seriously? Why did you do the presentation like that 😡 Can't believe you forgot about the deadline,Negative
753,Text Message,Can't believe you forgot about the meeting,Negative
754,Text Message,Seriously? Why did you do the presentation like that 😡 This is unacceptable. the deadline needs to be fixed now,Negative
755,Text Message,I'm really disappointed with the budget This is unacceptable. the results needs to be fixed now,Negative
756,Text Message,Seriously? Why did you do the presentation like that 😡,Negative
757,Text Message,Seriously? Why did you do the presentation like that 😡,Negative
758,Text Message,What a mess! the budget is completely wrong,Negative
759,Text Message,Seriously? Why did you do the presentation like that 😡 Can't believe you forgot about the results,Negative
760,Text Message,This is unacceptable. the presentation needs to be fixed now Can't believe you forgot about that report,Negative
761,Text Message,Can't believe you forgot about the project,Negative
762,Text Message,This is unacceptable. the data needs to be fixed now,Negative
763,Text Message,Can't believe you forgot about the data,Negative
764,Text Message,This is unacceptable. the project needs to be fixed now,Negative
765,Text Message,Seriously? Why did you do that report like that 😡 Seriously? Why did you do the project like that 😡. Used it 9 times.,Negative
766,Text Message,Can't believe you forgot about the deadline,Negative
767,Text Message,What a mess! the results is completely wrong What a mess! the data is completely wrong,Negative
768,Text Message,Seriously? Why did you do the project like that 😡 Can't believe you forgot about that report,Negative
769,Text Message,Seriously? Why did you do the presentation like that 😡,Negative
770,Text Message,I'm really disappointed with the budget,Negative
771,Text Message,What a mess! the data is completely wrong What a mess! the project is completely wrong,Negative
772,Text Message,This is unacceptable. the data needs to be fixed now,Negative
773,Text Message,This is unacceptable. the budget needs to be fixed now I'm really disappointed with the project,Negative
774,Text Message,Seriously? Why did you do the project like that 😡. Used it 20 times.,Negative
775,Text Message,Can't believe you forgot about that report I'm really disappointed with the deadline,Negative
776,Text Message,This is unacceptable. the data needs to be fixed now Can't believe you forgot about the meeting. Used it 8 times.,Negative
777,Text Message,This is unacceptable. that report needs to be fixed now This is unacceptable. the project needs to be fixed now,Negative
778,Text Message,Can't believe you forgot about that report I'm really disappointed with that report. Used it 7 times.,Negative
779,Text Message,I'm really disappointed with the presentation This is unacceptable. the deadline needs to be fixed now. Used it 20 times.,Negative
780,Text Message,This is unacceptable. the presentation needs to be fixed now,Negative
781,Text Message,Can't believe you forgot about the budget Can't believe you forgot about the meeting,Negative
782,Text Message,I'm really disappointed with the data This is unacceptable. the project needs to be fixed now,Negative
783,Text Message,What a mess! the budget is completely wrong,Negative
784,Text Message,I'm really disappointed with the results,Negative
785,Text Message,I'm really disappointed with the results Can't believe you forgot about that report. Used it 20 times.,Negative
786,Text Message,I'm really disappointed with the meeting,Negative
787,Text Message,I'm really disappointed with that report,Negative
788,Text Message,Can't believe you forgot about the project,Negative
789,Text Message,Can't believe you forgot about the deadline Seriously? Why did you do the budget like that 😡,Negative
790,Text Message,This is unacceptable. the presentation needs to be fixed now What a mess! the deadline is completely wrong,Negative
791,Text Message,This is unacceptable. the results needs to be fixed now Can't believe you forgot about that report,Negative
792,Text Message,This is unacceptable. the meeting needs to be fixed now,Negative
793,Text Message,What a mess! the meeting is completely wrong. Used it 19 times.,Negative
794,Text Message,What a mess! the presentation is completely wrong. Used it 25 times.,Negative
795,Text Message,This is unacceptable. that report needs to be fixed now I'm really disappointed with the presentation. Used it 22 times.,Negative
796,Text Message,Can't believe you forgot about the presentation,Negative
797,Text Message,Seriously? Why did you do the project like that 😡 I'm really disappointed with that report,Negative
798,Text Message,I'm really disappointed with the meeting What a mess! the data is completely wrong,Negative
799,Text Message,Can't believe you forgot about the budget,Negative
800,Text Message,Can't believe you forgot about the data,Negative
801,Text Message,Quick question about the results FYI regarding the project,Neutral
802,Text Message,Quick question about the meeting. Used it 17 times.,Neutral
803,Text Message,Just confirming the meeting is done Just confirming the meeting is done,Neutral
804,Text Message,Just confirming the data is done,Neutral
805,Text Message,Quick question about the results,Neutral
806,Text Message,Quick question about the project. Used it 5 times.,Neutral
807,Text Message,Just confirming the project is done,Neutral
808,Text Message,"Hey, can you check the meeting when you get a chance?. Used it 6 times.",Neutral
809,Text Message,FYI regarding the project Please update me on that report. Used it 20 times.,Neutral
810,Text Message,Quick question about the meeting Just confirming the data is done,Neutral
811,Text Message,FYI regarding the budget. Used it 22 times.,Neutral
812,Text Message,Quick question about that report Just confirming the data is done,Neutral
813,Text Message,"Hey, can you check the deadline when you get a chance?",Neutral
814,Text Message,Just confirming that report is done Just confirming the results is done,Neutral
815,Text Message,FYI regarding that report. Used it 22 times.,Neutral
816,Text Message,FYI regarding the project,Neutral
817,Text Message,FYI regarding the data Please update me on the project,Neutral
818,Text Message,Just confirming the results is done Quick question about the presentation,Neutral
819,Text Message,Quick question about the meeting. Used it 25 times.,Neutral
820,Text Message,"Hey, can you check the budget when you get a chance?",Neutral
821,Text Message,"Please update me on the deadline Hey, can you check the project when you get a chance?",Neutral
822,Text Message,FYI regarding the project,Neutral
823,Text Message,Please update me on the data,Neutral
824,Text Message,Quick question about the budget. Used it 18 times.,Neutral
825,Text Message,FYI regarding the presentation FYI regarding the budget,Neutral
826,Text Message,Just confirming the data is done FYI regarding the results. Used it 18 times.,Neutral
827,Text Message,Please update me on the budget FYI regarding the presentation,Neutral
828,Text Message,Just confirming that report is done Just confirming the results is done,Neutral
829,Text Message,"Hey, can you check the deadline when you get a chance?",Neutral
830,Text Message,FYI regarding the project Just confirming the data is done,Neutral
831,Text Message,"Hey, can you check the meeting when you get a chance?",Neutral
832,Text Message,"Hey, can you check that report when you get a chance? Please update me on the deadline",Neutral
833,Text Message,Quick question about the data,Neutral
834,Text Message,FYI regarding the project Just confirming the results is done,Neutral
835,Text Message,FYI regarding the budget. Used it 26 times.,Neutral
836,Text Message,FYI regarding the meeting,Neutral
837,Text Message,Just confirming the project is done Just confirming that report is done,Neutral
838,Text Message,Please update me on the data Quick question about the deadline,Neutral
839,Text Message,"Hey, can you check the budget when you get a chance?",Neutral
840,Text Message,Please update me on the budget Just confirming the deadline is done,Neutral
841,Text Message,FYI regarding the project Please update me on the meeting,Neutral
842,Text Message,FYI regarding that report,Neutral
843,Text Message,"Hey, can you check the budget when you get a chance? FYI regarding the budget",Neutral
844,Text Message,FYI regarding the results Just confirming the presentation is done,Neutral
845,Text Message,Quick question about the project Quick question about that report. Used it 13 times.,Neutral
846,Text Message,Just confirming the presentation is done,Neutral
847,Text Message,FYI regarding the project Please update me on the deadline. Used it 13 times.,Neutral
848,Text Message,"Hey, can you check the meeting when you get a chance? Quick question about the presentation",Neutral
849,Text Message,Just confirming the deadline is done Quick question about the deadline. Used it 8 times.,Neutral
850,Text Message,Just confirming the deadline is done Just confirming the deadline is done,Neutral
851,Text Message,"Just confirming that report is done Hey, can you check that report when you get a chance?",Neutral
852,Text Message,FYI regarding the project FYI regarding the project,Neutral
853,Text Message,FYI regarding the presentation Quick question about the budget,Neutral
854,Text Message,Quick question about the deadline FYI regarding the meeting. Used it 26 times.,Neutral
855,Text Message,Quick question about the project FYI regarding the presentation,Neutral
856,Text Message,Quick question about that report,Neutral
857,Text Message,"Please update me on the project Hey, can you check the deadline when you get a chance?",Neutral
858,Text Message,Please update me on the presentation,Neutral
859,Text Message,Just confirming the budget is done Just confirming the budget is done,Neutral
860,Text Message,Please update me on the meeting Quick question about the data. Used it 23 times.,Neutral
861,Text Message,Please update me on the data Please update me on the results. Used it 5 times.,Neutral
862,Text Message,"Hey, can you check the budget when you get a chance?",Neutral
863,Text Message,Quick question about the deadline Just confirming the meeting is done,Neutral
864,Text Message,Just confirming the data is done,Neutral
865,Text Message,Quick question about the budget Please update me on the project,Neutral
866,Text Message,"Hey, can you check the deadline when you get a chance?",Neutral
867,Text Message,"Hey, can you check the results when you get a chance? Please update me on the budget",Neutral
868,Text Message,Please update me on the project Quick question about that report,Neutral
869,Text Message,FYI regarding the meeting,Neutral
870,Text Message,Please update me on the presentation FYI regarding the results,Neutral
871,Text Message,"Hey, can you check the data when you get a chance? FYI regarding the budget",Neutral
872,Text Message,Just confirming the presentation is done,Neutral
873,Text Message,"Hey, can you check that report when you get a chance? Just confirming the presentation is done. Used it 11 times.",Neutral
874,Text Message,Please update me on the data Please update me on the results,Neutral
875,Text Message,FYI regarding the results Quick question about the meeting. Used it 1 times.,Neutral
876,Text Message,Just confirming the budget is done,Neutral
877,Text Message,Just confirming the meeting is done,Neutral
878,Text Message,"Hey, can you check the results when you get a chance?",Neutral
879,Text Message,Quick question about that report. Used it 20 times.,Neutral
880,Text Message,"Hey, can you check the data when you get a chance?",Neutral
881,Text Message,Please update me on the results,Neutral
882,Text Message,FYI regarding the meeting. Used it 22 times.,Neutral
883,Text Message,Please update me on the results Quick question about the budget,Neutral
884,Text Message,FYI regarding the meeting,Neutral
885,Text Message,FYI regarding the data FYI regarding the budget,Neutral
886,Text Message,"FYI regarding the deadline Hey, can you check the results when you get a chance?",Neutral
887,Text Message,Please update me on the meeting Please update me on the project. Used it 27 times.,Neutral
888,Text Message,Please update me on the budget,Neutral
889,Text Message,Quick question about the results. Used it 25 times.,Neutral
890,Text Message,"Please update me on the deadline Hey, can you check the presentation when you get a chance?. Used it 29 times.",Neutral
891,Text Message,Quick question about the deadline Just confirming the data is done,Neutral
892,Text Message,Please update me on that report,Neutral
893,Text Message,FYI regarding the budget. Used it 24 times.,Neutral
894,Text Message,"Quick question about the deadline Hey, can you check the meeting when you get a chance?. Used it 4 times.",Neutral
895,Text Message,FYI regarding the results Please update me on the results. Used it 1 times.,Neutral
896,Text Message,"Hey, can you check the project when you get a chance?. Used it 4 times.",Neutral
897,Text Message,Please update me on the meeting Quick question about the project. Used it 5 times.,Neutral
898,Text Message,Quick question about the deadline,Neutral
899,Text Message,Quick question about the presentation Quick question about the project,Neutral
900,Text Message,"Hey, can you check the budget when you get a chance?",Neutral
901,Food Review,Get lost! ,negative
902,Food Review,Haa tu he hai noob,negative
903,Food Review,The pizza was amazing! So cheesy and overall a decent pizza. ,neutral
904,Food Review,The biryani tasted delicious.,Positive
905,Food Review,Nice,Positive
906,Food Review,It was tasteless !!! ,Negative
907,Food Review,The pizza is very tasty ,Positive
908,Food Review,It was good i always get delivery on time and there was no complain till now ,Positive
909,Food Review,Quick delivery and kind delivery person ,Positive
910,Food Review,"Good, but could be better ",Negative
911,Food Review,It’s good and tasty ,Positive
912,Food Review,"Heaven..
Juicy 
..",Positive
913,Food Review,Ordering food online wasn't a good experience as different store has different taste so I always prefer to order from my favourite restaurant ,Positive
914,Food Review,Scrumptious,Positive
915,Food Review,Nice ,Positive
916,Food Review,It was good.,Positive
917,Food Review,"Pizza was very tasty. Soft inside, crispy outside. I liked it.",Positive
918,Food Review,Yummy,Positive
919,Food Review,"Not up To the Mark, quality and quantity is big issue ",Positive
920,Food Review,Ekdum tasty and crunchy ,Positive
921,Food Review,Amazing ,Positive
922,Food Review,Good ,Positive
923,Food Review,"The food was delicious, and delivery was on time. Budget friendly. Worth the money. Food tastes amazing ",Positive
924,Food Review,It was good in taste and smell of it was tempting ,Positive
925,Food Review,It was best i love spicy fries ,Positive
926,Food Review,Very tasty and very scrumptious and the rice was very fresh ,Positive
927,Food Review,It's good ,Positive
928,Food Review,Excellent service ,Positive
929,Food Review,perfect balance of sweetness ,Positive
930,Food Review,One of the best tasted,Positive
931,Food Review,Ummm could have been better,Negative
932,Food Review,I like noodles frankie from jai jalaram shop in Dahanu. The taste is awesome I can eat noodles frankie or any frankie from there everyday ,Positive
933,Food Review,i really liked it,Positive
934,Food Review,"Amazing presentation and taste, must try if cheese is the point!!!!",Positive
935,Food Review,Good ,Positive
936,Food Review,Very nice food,Positive
937,Food Review,It was not that good i visited the reputed place coffee island they should ask customer if they want with sugar or without ,Positive
938,Food Review,So Delicious ,Positive
939,Food Review,"    Soft, juicy, and bursting with flavor—these momos are pure comfort",positive 
940,Food Review,Good 👍🏽,positive
941,Food Review,Tastiest pizza while travelling..,positive 
942,Food Review,It's tasty and in low cost ,negative 
943,Food Review,Nice,positive
944,Food Review,Yummy and good hygiene ,positive
945,Food Review,"Tea was damn good, Biryani was kinda plain but vegetarian thali was very poor in quality and taste",postive
946,Food Review,The food was very good I loved the food so much visit it for sure,positive
947,Food Review,This was unexpected i haven't thought that the food will be this good and the service was also on time you should try atleast once ,positive
948,General,the food was bad,Negative
949,General,the food was terrible,Negative
950,General,this is so bad,Negative
951,General,i hate this,Negative
952,General,this is awful,Negative
953,General,terrible experience,Negative
954,General,the food was awful,Negative
955,General,i do not recommend this,Negative
956,General,very bad,Negative
957,General,worst food ever,Negative
958,General,disgusting food,Negative
959,General,the taste was bad,Negative
960,General,horrible taste,Negative
961,General,not good at all,Negative
962,General,the food was good,Positive
963,General,the food was amazing,Positive
964,General,this is so good,Positive
965,General,i love this,Positive
966,General,this is great,Positive
967,General,excellent experience,Positive
968,General,the food was delicious,Positive
969,General,i highly recommend this,Positive
970,General,very good,Positive
971,General,best food ever,Positive
972,General,fantastic food,Positive
973,General,the taste was amazing,Positive
974,General,yummy and tasty,Positive
975,General,the food was okay,Neutral
976,General,the food was average,Neutral
977,General,it was fine,Neutral
978,General,"not bad, not good",Neutral
979,General,just normal food,Neutral
980,General,it is what it is,Neutral
981,General,decent food,Neutral
